Name,Member Since,2023-03-19,2023-03-26,2023-04-02,2023-04-09,2023-04-16,2023-04-23,2023-04-30,2023-05-07,2023-05-14,2023-05-21,2023-05-28,2023-06-04,2023-06-11,2023-06-18,2023-06-25,2023-07-02,2023-07-09,2023-07-16,2023-07-23,2023-07-30,2023-08-06,2023-08-13,2023-08-20,2023-08-27,2023-09-03,2023-09-10,2023-09-17,2023-09-24,2023-10-01,2023-10-08,2023-10-15,2023-10-22,2023-10-29,2023-11-05,2023-11-12,2023-11-19,2023-11-26,2023-12-03,2023-12-10,2023-12-17,2023-12-24,2023-12-31,2024-01-07,2024-01-14,2024-01-21,2024-01-28,2024-02-04,2024-02-11,2024-02-18
BillyReady,"June 5, 2020",4247,4628,3971,4938,4938,4854,4094,5002,4925,5259,5235,5297,6271,6445,5970,5963,6062,6100,6350,6903,6912,7014,7020,7251,6553,6754,6804,7669,7699,7658,7891,8307,9047,8082,8689,9915,11971,12061,14447,14465,16653,17109,18234,17779,19425,18669,18818,22157,
superbbzzzzz,"June 8, 2020",2097,2090,2181,2092,2686,2499,,2485,3235,2945,2560,3573,3070,3866,2222,4293,4432,4719,4302,5031,4955,5273,5329,5842,4485,4995,5365,5425,4130,4653,4415,5490,,5849,6505,6400,11460,10422,,12504,13282,11925,13356,12205,13449,11800,13541,11216,
Lycheeemelon,"June 8, 2020",10532,13732,12475,12161,12890,13349,13926,15337,15206,16252,16491,17373,15522,15090,14801,14051,14964,15206,15349,15367,14607,13820,16830,16570,15940,16798,15385,14963,16612,15872,17635,17227,18561,16035,16811,20619,24171,,22518,25000,23560,29138,27623,27770,27574,26857,26868,26651,
HalfDealt,"June 13, 2020",13847,,13375,14046,13243,12461,,,,,12917,16841,14355,14272,14115,13857,14215,13916,14232,15263,15792,,,14535,16388,17680,16466,17083,16031,16069,17436,16430,21443,15851,15680,16315,21442,23972,22534,27925,29647,28684,30901,33580,32754,32439,30693,31618,
Moonform,"June 14, 2020",1140,1252,1327,1234,1246,1196,1311,1183,1261,1219,1208,1272,1351,1295,1226,1272,1248,1099,1269,1302,1205,1262,1382,1368,1546,1480,,1519,1437,1646,1621,1659,1605,1564,1929,2244,2041,2396,2810,2346,2537,3138,3369,3453,3252,3336,2889,2689,
x69DTx,"June 17, 2020",,13430,13585,13788,14943,13492,,13170,15841,15180,14785,17167,15287,15045,,15489,15677,14939,14493,15325,12228,14593,14124,14715,15155,,15815,14784,15042,16176,16370,17462,19001,17136,16066,16575,18581,17317,18661,19694,19787,26202,28400,29475,21801,30844,26435,28720,
ReAros,"June 18, 2020",,,,,,,1233,1278,,1253,1357,1538,,,,,,,,,1619,,2022,1606,,,1441,,1785,1895,1917,2122,2246,2050,,2451,3165,3405,2298,,2986,,,,,2598,,2028,
Isopog,"July 2, 2020",2338,,,1904,2239,1195,1736,,2309,2143,,2750,2189,2331,2280,2029,2495,2236,,,2568,,2599,,2351,2346,2136,,2212,2544,,2477,,213,,2487,2318,3033,,2779,,,,2222,,,2861,,
Cukcu,"July 10, 2020",,,1276,2824,1656,1578,2000,1126,912,4230,,1979,1552,,1584,,,1969,2878,2705,,2500,3042,2204,1963,3775,3579,2906,2242,2405,,4445,4985,,2898,3876,5573,7816,6462,6017,7100,,4140,8078,4196,7422,7037,,
ArkPunny,"July 17, 2020",7466,8148,7873,8519,7518,7653,7445,8557,6830,8505,9064,8737,10970,9316,9041,9958,10061,10569,10596,10453,10570,,,8676,9625,9433,8936,8613,9719,9658,9648,9697,8591,9528,,10058,13094,13799,,13019,12773,,14846,14687,15003,14498,,,
iAmPunny,"July 17, 2020",4944,4799,4766,4990,4729,5160,5241,5535,5509,5994,5787,4831,6213,5891,5736,6326,5837,5900,6570,6321,6425,,,5720,5897,6046,5901,5547,6080,5855,5262,6090,5876,5042,,6227,6256,7629,7170,8256,7890,,8254,8078,8098,8408,,,
KilIerStar,"August 14, 2020",999,539,,634,517,642,740,446,1268,810,960,1149,929,,1536,,,851,2230,2855,2143,2161,2006,,2112,2353,2191,,1952,,2010,,,2308,1658,,3577,4590,5015,5495,3891,5789,6403,6075,3628,5589,5253,4638,
HotDamnHot,"August 15, 2020",1619,1727,1766,1008,1418,1010,1494,1917,1974,1676,2094,2162,1624,1499,2276,2258,,1654,2075,,2172,3348,,2446,3260,2868,,2787,3150,3020,3510,,3033,3221,,3405,4130,7481,7196,7267,5714,8506,,,9173,9000,9931,6974,
RaXiahsta,"September 27, 2020",,1432,1598,,1465,1899,1776,1529,,1423,1377,,1520,1537,1280,1004,1713,1471,2130,2213,2705,2186,2395,2365,,2322,2270,2017,2352,2463,2524,2411,2466,,2601,2456,4163,4376,4248,4060,4340,,4546,5058,5182,4130,4738,4627,
Rally,"September 30, 2020",13172,15347,17765,17658,19725,15600,16257,17129,17367,18540,19466,19410,20018,20220,20497,21085,21615,20457,19522,21349,21214,22326,25178,24760,22059,22889,23083,21081,22901,23912,23856,27028,26945,21488,23070,24675,36305,34785,35043,40176,39590,40425,40978,45229,51453,48091,47760,48938,
Crimtain,"September 30, 2020",,2983,3879,4048,3876,3882,3957,3835,4130,3037,3962,2669,4132,3598,2980,,4108,4061,3965,4192,2750,,4603,4431,3722,3073,4006,3395,4125,,4191,4857,3637,3866,3014,4114,4389,,3096,,4853,5562,5649,4812,5159,5417,5398,5267,
Tatsoi,"October 27, 2020",5424,5000,4877,5670,,4975,5640,,5688,,6329,5723,6283,4027,6664,6213,8207,8256,8577,7156,4802,3005,8961,10378,9809,6942,9659,,4009,4668,9935,9382,12110,8238,6069,10100,13036,12807,,13390,16482,,16798,19408,20634,23924,26292,22181,
memeboxx,"November 19, 2020",10595,9574,10104,10696,10418,10603,10945,11094,12128,,12777,13878,13796,13155,13067,14677,12689,12601,11527,11987,14858,14102,14155,14491,13440,13653,14092,12120,12881,14849,14770,14804,15980,14887,13548,,18592,18186,,20449,20061,23446,22657,21046,23876,22964,29331,24842,
heatherhahah,"December 16, 2020",17966,18707,21733,18226,18168,18370,20204,19117,21091,22689,23209,24144,22813,20469,18808,20430,23450,23868,20169,22496,21317,20047,21724,22981,22987,21927,20468,,20877,23904,24980,25110,24206,22446,22489,25330,23510,27054,32414,31264,29127,29678,22642,36422,40064,41899,39662,37988,
Beezlè,"December 27, 2020",14040,14946,14954,15324,14535,13926,13896,16133,15606,16282,17863,17862,16868,18446,14966,15169,15476,16217,15266,15569,16246,16889,19449,17699,15698,15567,15530,14877,14914,16254,16632,16616,,15991,15674,16042,18119,18669,17876,18561,17307,20096,17587,20422,20294,19294,19699,18327,
mikezhang,"December 29, 2020",5890,7466,7579,7514,6962,7464,8095,,,,,7007,8005,,4008,7521,,6521,7676,6814,,,6272,,6766,7601,7549,7001,7809,,7541,8690,9024,,7433,9217,8724,,,,8490,8770,,9624,,10531,9370,9707,
mikeszhang,"December 29, 2020",,7090,9617,9597,10102,9462,9481,,,9617,,10443,10575,,,10240,,10794,,10850,10822,11657,,,8335,9529,10951,11298,11912,12751,12929,14276,15019,,15453,17503,20378,23008,21454,22087,24415,26236,26846,27813,27138,27804,29784,25114,
UltraZiRa11,"January 27, 2021",304,303,,,,275,288,,,311,,,,,,,332,413,,,,343,379,,,,,,,366,372,461,297,366,,243,273,321,,,303,,375,463,,,308,403,
Drùú,"March 1, 2021",,6571,7443,7349,7261,,7415,7012,,,7258,9551,7361,9267,9900,9279,10754,10727,11053,11394,10721,10998,11726,11881,11612,12086,11926,9199,11678,11651,13499,14902,14958,,11365,12091,14443,16450,16818,17680,19506,20974,19107,19778,21987,22364,24140,23688,24233
LushChoice,"March 3, 2021",11287,10581,11572,12835,12292,10040,9907,11492,11336,12917,,12089,13386,10256,13989,16197,15053,17595,13264,15271,16321,16584,,16922,,16301,16626,16855,,16734,13620,18018,18657,16195,,16451,19768,22625,,,24685,,21227,25285,24450,24613,,20910,
GradedPeanut,"March 28, 2021",16967,16828,,16681,17968,15624,17342,17980,17107,16901,17193,17580,17630,18428,17904,18031,19634,19113,19648,18896,19431,19805,19623,18819,18629,18630,20350,16420,18467,17679,18824,22918,23231,20600,19668,20912,18763,25947,28104,27502,29176,32355,33127,34655,34873,35712,,34450,34410
dìssatisfied,"Apr 19, 2021",3771,,3107,,3626,,1380,,2939,3930,,4198,,3578,4130,5504,5056,5313,5273,6740,7406,,3009,,6236,,6886,,,,,7063,7553,7844,8123,8663,9809,13453,14859,15432,,16584,17475,18013,20675,19865,,16650,
dánnis,"April 22, 2021",20199,18695,20877,20181,19477,19663,20412,18381,21591,22791,21698,23518,25589,27312,25462,26068,28803,27826,28519,28221,27293,27976,26920,30767,26192,27652,26412,24161,23441,,25570,26254,29796,23886,28011,26267,26408,42251,43229,46819,50476,45230,45403,51219,52780,53473,58379,54887,
Chasí,"June 29, 2021",12384,13096,12713,12246,12727,12597,,10137,10759,,11222,,13533,14072,12951,13568,13035,13514,12588,13220,15357,13514,13945,15102,15789,16005,15728,16559,16019,16533,16287,17956,14913,15622,12051,16281,20886,23422,23406,26130,25362,29155,25253,27833,26957,25128,26168,24757,
Kyeranized,"June 29, 2021",6904,5110,7325,6909,6635,6987,9049,9543,10190,9997,10561,10504,9998,9107,9759,10745,10453,10319,11058,9999,10337,11230,10888,10823,10708,10299,9618,10895,10862,10422,11478,11773,11446,10893,11120,12133,13744,16278,17145,17100,15156,19208,19899,21193,21471,22552,20067,18814,
Kyêra,"June 29, 2021",3958,4007,5178,5013,4699,5340,5277,5504,5708,5721,6160,6461,6887,7025,6774,7082,6538,6996,7035,6154,6540,7433,6872,6577,7239,6826,6850,6457,6508,7130,6997,6326,8462,7420,8408,9008,10000,11538,10521,11394,12841,11784,12738,11417,13011,13464,10632,11598,
Mihawk,"July 18, 2021",4531,,3880,,4557,4910,4211,5252,4604,5614,6543,6396,6191,,4927,,7386,7433,6997,,,6883,,6386,6029,5732,5875,,6259,6900,5295,6494,7641,,7626,8963,12243,18720,19906,17750,,21853,21546,23702,24260,24114,18773,21279,
Gnowly,"August 13, 2021",1351,3295,3200,,4099,4452,3995,,,4486,3877,,,4130,,3651,,4342,5739,4845,,5427,6509,5015,,4684,4607,4607,4839,4390,,,2523,5260,5433,5994,6783,9674,8436,11431,10468,8688,8242,12114,11574,10498,13945,11480,
Jòéy,"October 11, 2021",13468,14375,15271,14782,14367,14113,14747,,,,16289,18257,,13735,14951,13380,16745,16826,16614,17284,16009,16423,,14673,17805,17676,16937,16922,18322,16673,16613,18726,18850,17404,,16425,21713,20992,,26586,25458,22321,25649,24609,27294,23452,27253,24819,
Hakøs,"October 11, 2021",4665,6049,6201,5419,6312,5410,6088,5957,6421,,5831,7154,6308,6711,5424,7028,5724,7147,6810,7536,7337,6571,,6463,6253,6775,6107,7279,7275,7505,7857,8365,7149,7079,,7222,9463,9293,11613,10782,11395,11246,9197,11008,11373,,10689,9421,
Kakúja,"November 6, 2021",4292,4614,4712,5546,5084,5444,2803,3614,4151,3776,4264,4464,4050,3503,3526,5643,7328,6310,5749,7301,7975,7097,7715,7652,6285,6919,7187,6923,8039,7198,8372,9298,7278,7858,7474,7928,8627,8346,8037,9635,10883,10445,10728,9690,10561,10279,10989,8875,
VersaceeX,"January 1, 2022",1889,1845,898,,2511,1612,,6410,1945,993,550,1964,1561,1645,1037,1213,1991,976,2218,4368,,2618,,3765,1753,2636,3003,2146,2479,1940,,4554,5778,1404,3999,4261,5645,4659,4130,4699,4999,,5825,6535,4744,7048,6067,5221,
Cowisland,"January 10, 2022",1688,,1932,2057,1913,1923,1951,2028,2401,2106,2414,,2275,2516,2611,2984,,2786,2623,2818,2994,2856,2707,2814,3169,3445,,2938,3132,3677,3373,4194,3298,3603,,3030,4411,4162,,4485,2729,4070,4626,3970,4553,4494,4801,3549,
HoSad,"May 3, 2022",10028,11603,11355,10858,,9573,11167,10907,12653,12068,13348,13200,13567,13308,12986,13772,14186,13200,10876,13762,12759,14256,15081,15382,15066,16800,17322,16261,16841,16609,16618,18515,15699,16415,17752,18771,24382,27397,28098,29184,30862,26449,32635,34180,35665,38909,38977,31110,
MonkOfDaDeep,"May 4, 2022",3173,3311,3372,3288,3332,3410,3436,4223,4291,5405,5373,5975,5858,5397,5477,6441,6704,6697,7099,7299,6970,,6288,6679,7101,6957,7004,,7178,6972,7037,7512,6712,,7018,7411,9146,10171,10383,10314,10516,10688,10852,12467,218,13199,12517,11005,
Done,"May 12, 2022",10668,13605,15019,12837,14224,14917,15770,11595,13356,16215,16244,16750,16407,15548,,15167,13346,17192,17034,20918,20001,16034,16183,,17035,16389,17958,15666,15221,16725,13586,18144,21402,20507,17069,19948,23455,21136,23254,19563,24465,29746,22255,30172,27092,30840,21246,25850,
Bojji,"May 12, 2022",8482,9356,8776,8319,,,10072,,12086,12487,10862,13444,14340,13081,9369,10778,12485,14842,10866,11047,15294,12738,14738,,14682,13938,15159,13240,15836,15849,12470,18077,18802,17402,12078,18042,21855,31795,31688,26531,33801,28241,27275,30614,35181,34633,40869,30668,
Ainà,"May 25, 2022",1816,1782,1890,1784,1547,1921,1781,1940,2067,1776,1483,2121,,2201,2314,2473,2486,2675,2772,3305,3481,3915,,3609,3436,3694,3672,3396,3557,3245,,4197,3830,3797,4130,4562,5208,5075,5892,5978,,6454,6925,7767,7069,7014,,5421,
eGirI,"May 29, 2022",18410,19963,20190,20740,20395,19442,17428,18848,19330,20277,19900,22088,19892,20082,19825,20449,20520,19948,21292,20821,21725,21524,19504,24251,20177,21225,21455,22191,21409,21117,20068,25309,28776,24520,22180,25833,30010,28552,32438,34706,36926,37564,37097,35776,39766,41531,41936,39501,
Chiisai,"May 29, 2022",6489,7242,7146,7480,7979,7833,7781,7848,8291,8030,8469,9311,8165,8507,8088,8685,10422,10330,11361,10524,11148,11308,,10285,9701,9651,10744,9702,10903,11141,11565,12111,12546,10390,9998,11191,13401,15002,14714,14811,16415,15485,17081,14997,17693,16100,17216,16807,
Voshera,"August 3, 2022",4157,6958,7099,5887,7077,5700,,4287,7272,7752,7902,7957,8109,6150,7500,6785,7950,10585,10777,10738,10949,11566,,11126,11250,10265,10497,10723,11663,11971,12119,12096,11552,11284,11649,14209,14927,10319,17575,18485,17324,,20152,19348,20398,21305,15277,18884,
Airstream,"September 19, 2022",12060,13120,,12587,14053,12868,13329,13028,14307,13756,16607,16409,12498,14970,14161,14305,,14466,,13822,,,,15903,,13724,15675,15058,14261,12400,14079,15413,16350,,11371,15272,20750,21903,21786,22141,23291,25259,23440,26082,22935,28199,23961,25659,
Etney,"September 26, 2022",1207,,1247,1451,,1299,,1466,,1483,1419,1589,1615,1497,,1636,1845,1775,,1925,2055,1326,2637,2183,2585,2630,2610,1999,1989,2706,2992,3239,3337,2792,2668,,3231,4003,4199,,4416,4759,3484,4484,5419,5494,5254,4904,
ItzQuin,"September 27, 2022",,995,1026,,880,,1003,1024,,855,1200,789,1179,,970,1181,1230,,836,1198,,1302,,1703,,1548,,1078,1529,1064,1414,816,,1199,1753,2125,2308,2039,2116,2416,2038,2700,2565,,,,,2422,
VapeOnurGirl,"September 27, 2022",,2848,,3557,,3684,3827,,3731,,3977,4350,,4071,4151,4535,4846,4662,4130,5019,4279,5604,4789,6000,,5745,5743,5229,5775,6489,6583,6296,6063,6050,,5576,7927,7182,8284,7614,9697,9108,10248,10681,11108,14649,15019,14745,14439
Tjokatt,"September 27, 2022",2545,2829,2703,2762,2392,2420,2452,2748,2951,2654,3345,3082,3657,2801,3181,3846,3907,3525,3862,4103,4456,4813,4948,4750,4675,5225,4145,4784,5130,4843,5205,6366,5298,5350,4954,6048,7191,8157,8282,7813,8256,9292,10376,10770,12675,12132,11791,10422,
Startaylon,"October 1, 2022",418,,483,439,379,444,,530,577,614,598,694,630,544,463,701,592,793,830,943,1031,1260,1180,1171,1209,1170,,1032,1069,,1110,1355,1347,1291,1555,1313,1930,1915,2129,2172,2120,2365,2394,2497,2818,2842,2806,2395,
Kyrendal,"October 2, 2022",6167,6842,6940,7151,7406,7549,7351,7539,7890,8625,8959,8615,7654,7646,8533,7463,8020,7502,8877,9274,9522,8385,8971,8554,8713,7669,7415,10215,10913,11520,11671,12898,,11708,11371,12767,14173,,16139,15610,14818,18103,19108,18418,20274,16029,14390,16962,
SnowDiet,"October 10, 2022",2824,2718,2810,3157,3264,3757,3564,,2194,3131,,3766,2848,,3362,3110,3038,3406,3752,1663,4051,4171,4871,5549,4574,4386,4546,4913,5384,4605,5011,6210,5963,5077,5232,5934,7736,8610,8477,9031,9871,10309,11770,12120,12847,14151,14741,11488,
Poeia,"October 26, 2022",4215,3360,5678,,5337,5416,,5854,5091,4423,4182,,5724,5134,5215,,6130,5777,4622,5839,5505,6409,,5430,4503,,,4887,,4841,5946,5840,5670,,5574,6032,10315,11270,,10909,11895,12122,7511,8136,12017,13454,10412,10349,
WhyICry,"November 6, 2022",1623,1601,1323,1626,,1658,1853,,1950,2343,2252,2603,1944,2273,2549,,2840,2534,2567,2994,3038,2845,3046,3508,3696,3819,3770,3833,3793,3973,3752,3773,3993,3641,3666,4214,4671,4685,5330,5840,6433,,6518,6652,6497,7069,6838,6444,
Baahamas,"November 19, 2022",1743,1542,1745,1862,1939,1908,,1630,1979,1789,1899,1977,1953,1111,1806,1171,1668,1792,1875,1130,2228,2097,1527,,1252,2265,1808,1445,2592,2379,3018,2443,3417,2729,2837,2655,2995,2075,3160,3366,2950,3740,3748,5272,5489,5085,4197,4186,
onoi,"November 22, 2022",6715,6134,6343,7073,6236,,6893,8253,,6132,8797,8438,7130,,,7546,,,4699,5476,6062,6090,6902,5571,5762,2058,4862,,4748,5197,,,5105,6315,10897,9561,9746,1773,,,,10541,,11420,,12518,,11734,
shadyasian,"November 23, 2022",4148,4420,4797,5261,4968,6065,5789,5016,5921,6005,,5402,5718,6474,6351,6631,5919,7883,8015,8070,8575,7955,8071,7322,8521,8727,9290,9380,8738,9046,8848,10338,,9767,10042,10920,19293,21215,21754,22611,22016,23195,28650,27785,27882,28873,32918,29455,29432
TeraILmage,"November 28, 2022",7811,8068,7964,7254,7175,7937,8148,8102,7201,7261,7837,9737,9608,9635,8702,8375,8891,8337,7280,12231,13365,12682,11296,12043,7230,,9558,7097,7093,12231,12326,13873,,11288,11895,11962,13259,14864,14199,,14332,,16057,15996,14093,14209,16003,14930,
Jinsyu,"December 7, 2022",2356,2396,2311,2310,2750,2385,2455,2486,2828,3327,2230,3365,3426,3222,3264,4177,4145,4044,4091,4180,3575,4147,4563,5100,5162,4864,4879,4869,4718,5075,5487,5884,6894,5766,6046,6104,9105,9330,9649,10992,11384,,11189,12774,13042,12286,13549,10507,
Luden,"December 7, 2022",,2750,2802,3064,1954,3439,,3224,2279,2184,,,1427,,3268,3307,2364,3743,,,4006,4302,5265,5215,4548,,4250,4440,5388,4250,,5708,,3159,,4517,6688,6992,7131,7612,,7479,,7974,7651,,8522,,
lilPrimo,"December 10, 2022",6580,12426,5084,10267,8088,8222,11164,9012,10391,8315,9061,13046,11561,9286,9167,10275,8231,5889,9944,12699,9835,9879,12179,13221,10522,11255,10730,11258,10992,13811,10430,15533,14365,12129,7416,11618,13746,13331,,19150,20740,17581,13752,20764,22671,22660,20827,9513,
Mojoubu,"December 11, 2022",14199,12560,11635,12084,11851,,12246,11269,12029,11299,11664,15001,13834,13486,12822,14628,12835,13206,13791,13871,13087,14160,14726,13106,13776,13366,14953,13761,13875,13639,15852,17081,16156,15006,14732,14841,17797,21976,18946,21946,27611,26359,23485,25916,24829,24363,21086,24456,
Luchino,"December 11, 2022",1644,2432,2397,2954,2125,3561,3505,3988,5003,4057,6100,5110,6207,4526,2275,,5563,3758,5972,4861,6161,6985,5901,7574,8491,7091,8124,7511,8138,8052,,8359,8781,,9046,8615,9383,9729,11566,9857,10877,10316,8663,10995,10972,11237,11242,10609,
Tyul,"December 15, 2022",2486,4355,2076,2675,3635,,4658,,5372,5682,5322,5761,,4353,2339,7101,4588,7142,6632,9895,8434,6982,10138,9850,10219,8783,9255,10151,8203,10494,9906,13613,13956,10982,12040,13460,13679,16211,,16393,18918,17266,20121,22941,24796,24689,24142,23426,
Shane,"December 25, 2022",,991,2124,1971,3424,2820,3799,4814,4370,4928,4735,5510,4866,5713,5234,8788,8959,8324,8992,10758,11525,11616,10765,12487,12029,12136,12645,11429,11079,12209,12276,12601,14355,12588,12649,14168,16372,19402,21247,21660,23092,28942,30842,32597,33602,33248,34868,32926,32684
Beezlé,"December 26, 2022",,4209,4674,4905,5103,5359,5511,5759,6386,7361,7424,7326,7625,7233,7036,9238,10244,9955,10830,11006,10822,11364,11644,13454,14618,13953,13576,13624,13792,15206,16055,15423,15426,15708,17206,20015,23527,27022,28336,30962,33486,33526,34093,35731,40625,41782,41692,38548,
ïtami,"December 31, 2022",,1822,1940,2401,2580,1386,2571,2683,2892,2798,3235,3329,3163,,3187,3518,3553,3498,3652,3583,,3854,3581,4115,4319,3949,4256,4023,4325,3986,,,,5932,6603,4952,5688,7470,7607,8265,8081,7839,7714,8857,,8226,8464,,
Hikárì,"January 4, 2023",1594,2501,2583,1612,1657,2061,854,1055,1548,1967,680,1271,1567,1576,,1802,1238,,1123,839,1066,1897,1728,2210,781,,3185,2967,2982,,3559,,3848,3321,3492,3833,3916,5156,6236,7297,7213,9099,9412,9836,10414,8915,9600,9799,
DatVPNLife,"Jan 15, 2023",,,,,,,,,,,,,,,,,,,,,,,,,,,,,,,,,,,,,,,,,,,,6426,6341,6466,6354,6091,
Tsukiyomeii,"January 25, 2023",,630,697,905,918,896,1084,1009,1279,,993,1488,1420,1621,1854,,2169,2730,2439,2918,3151,3235,4208,3093,2913,,2741,3657,3902,,4351,4484,6229,5577,5566,5721,8161,8163,9534,9318,9985,13237,13289,15890,17381,19357,20082,18161,
Thunder17789,"January 26, 2023",,456,1055,1109,1027,924,1225,769,1130,1369,1015,1680,,1693,1371,1073,1822,,1958,2161,1779,2095,2723,2325,1542,2610,2591,3187,,1987,3124,6064,4551,4884,4153,4751,6503,7475,,9384,8100,,9438,,9190,10222,9842,,
cannigeta,"February 1, 2023",840,892,,1015,866,1115,952,1088,1251,1415,,1446,1218,1645,912,1169,1107,2127,2031,2188,,2473,3148,2640,3022,2787,2864,2793,1646,2640,2344,3381,3055,1512,3474,3811,6911,,7909,7312,8104,8451,9035,7871,9372,10601,8869,8164,
Arzure,"February 2, 2023",1211,,,1236,859,,1122,,1058,1240,,1268,1169,1387,1396,1115,1714,2084,2203,2357,2616,2739,2916,2799,2734,2587,2650,,2487,,3006,,2932,2653,2901,,3224,,3127,,2709,3108,3721,4080,4206,4847,5781,4186,
SameOleWindy,"February 2, 2023",1417,1451,1381,1664,1630,1394,1597,1538,1940,1927,2041,2070,2138,2084,1986,2135,2251,2240,2320,2181,2451,2326,2720,2717,2731,2721,2685,2853,2872,2795,2850,2886,3340,3387,3133,3497,3981,4612,5223,5290,6018,6093,6231,6514,6760,6998,6852,5994,
beewi,"February 3, 2023",4668,4027,5807,4075,5304,4231,5406,,5875,6278,7724,8411,6263,6701,6175,7288,7973,7847,7250,8142,9903,9059,8349,9552,8837,9059,9433,10394,8312,10108,10402,12354,11743,12132,11936,13054,14036,17441,17819,18373,20200,18343,19019,21334,18753,23387,20396,18998,
nicedig,"February 5, 2023",1294,833,532,2684,,1219,659,1035,963,803,,1819,1807,3274,,1578,4049,1990,2715,1715,1109,3289,,1691,3225,2563,1283,1301,2606,,3111,4624,,2365,3841,1481,5714,8987,3182,4551,4401,9152,4123,5209,,,,9126,
Tonkotsu,"February 5, 2023",,980,,1155,1367,1346,,1397,1478,1624,1105,1137,,1690,,1426,1997,2273,2300,2608,3327,3839,1652,,4025,4346,4555,4498,,4514,4608,5106,7255,5127,5592,5096,5572,9804,9478,10405,12246,12435,11109,12168,13850,14970,,15649,
Sakubo,"February 23, 2023",1511,1721,1761,1618,1790,1838,,1798,,2234,2675,2345,2347,1111,1979,2354,2661,1688,,2952,1786,,3205,3182,3214,3111,,1907,3095,3436,3738,4742,5066,,4650,,4342,6138,,,5905,,7767,,,7699,,,
Taric,"February 25, 2023",4346,6941,4623,,5306,4438,5896,4148,,4426,,8650,6184,6513,7137,7127,7025,7161,7505,7544,,7640,4694,6982,,7818,7235,7282,7816,8339,8770,8352,10225,8419,8857,7751,7385,11113,12493,14206,12321,11311,10025,13456,,13002,11738,12164,
KIash3r,"March 5, 2023",2738,3006,2813,3114,3135,3419,3793,5505,4776,4798,,3339,3422,3812,2203,3133,4849,3296,3948,4118,2080,2985,3256,,4173,3468,1832,3135,2997,4185,3734,4810,3291,4534,4394,3696,3410,5485,4200,4462,2701,6190,6044,5457,7566,4917,4535,4536,
Kaisukí,"March 10, 2023",2270,2660,1927,2286,,2531,2292,,3695,3019,3276,3360,3662,3212,3677,4305,4061,,4614,5042,5091,5079,5436,5529,4796,6131,5971,4871,4335,4825,,6424,5154,4896,6436,7209,9602,11448,12137,14140,14373,15415,15066,15757,15628,17243,16929,17524,
Mipú,"March 10, 2023",2263,2430,2370,,2164,2145,2749,2711,2324,,2901,2455,3045,,2861,3139,,3417,3572,3768,2983,3536,3673,2395,3828,4062,,3913,3624,3690,3516,4070,2979,3694,,4067,3605,4601,5856,,,6183,6645,,,6314,,,
Nàro,"March 10, 2023",5656,5161,5520,,5633,5658,5549,5255,5582,,5294,5983,5338,5644,6160,7920,6857,8186,7326,8072,8544,9155,8583,10841,8001,9152,,8012,8609,9714,11852,11791,11215,11299,7621,10313,12604,13850,,14058,,10048,15759,,16238,16620,15300,14735,
Caycia,"March 17, 2023",1146,1359,1649,2140,2121,2627,2433,2907,3370,1430,4171,3963,4439,4416,4553,5788,5613,6278,6385,6950,7184,7467,7901,8792,8460,8837,9672,9726,9524,10210,10038,10650,10054,9765,10460,11185,14928,16170,14997,15915,15940,,,,17491,18713,17243,18797,
Zexk,"March 17, 2023",1613,1823,1806,2075,1864,2178,2110,2052,2110,2085,2098,2035,,246,2089,1945,,2063,1815,2146,2037,,2093,2196,2287,,2019,1560,,1902,2089,2165,2042,,2152,,2081,2229,2130,,1849,2448,2066,2600,2310,,2681,,
Arcado,"March 18, 2023",631,709,1073,527,1153,,1165,,569,1006,893,1303,1117,1840,1007,1390,2520,3044,2724,3442,3730,1650,4415,4425,5126,2918,5321,4039,5001,6561,,4481,7724,3917,7300,5968,8276,10336,10552,10069,14349,15917,,11975,16917,17295,20884,,
Cebba,"March 19, 2023",467,,971,,903,1016,554,1115,1038,896,1010,1417,,,850,1171,1238,1415,1109,1379,1263,1683,1913,1957,3002,2202,1682,,2393,,2325,4130,,2218,,3636,4453,5169,4986,,3658,,5616,7783,,5495,8433,,
Jaaaaeeee,"March 24, 2023",5940,4708,6715,8527,4214,6326,7533,7635,4130,8994,8404,9559,8874,9120,,6125,6879,8891,4646,6774,8488,8042,5148,7523,5341,6470,5211,5182,6817,7051,7376,8160,9514,7675,9288,9252,10014,14236,11067,13752,15287,16224,19005,19650,18346,18726,13135,16198,
Yonadelle,"March 26, 2023",,937,922,804,898,1115,1268,909,1222,1189,1318,1016,,1401,751,1059,882,1309,1270,,1369,1537,1974,1559,1860,2001,1963,1770,2044,1889,1937,2067,2035,2163,2089,2433,1873,1932,,2821,,2986,3555,3421,3377,3278,2295,2257,
Jeimsu,"April 3, 2023",,,2100,2193,2049,2540,2638,3046,2933,3086,3397,3496,3261,4324,3706,4217,4189,4782,4812,4868,5590,5496,5612,4841,5745,5163,5613,4486,5278,5629,5621,6562,5710,5659,5083,7071,8248,11025,11624,11238,12129,14382,13868,16028,18228,19984,18173,18154,16307
Rinkawa,"April 9, 2023",,,,3048,2609,2942,3098,3043,3759,3890,4080,4100,3753,3583,3568,3776,3535,3766,2758,4198,4417,3831,4112,4764,4744,4227,4193,4236,4565,3225,4614,5542,4137,4399,3897,4503,5029,,4395,3145,5438,4719,4894,3496,5341,5213,5162,4435,
Frisbee,"April 18, 2023",4393,8221,6582,,6206,8371,7931,,8785,10946,10242,,10388,11838,11035,8391,6114,12077,11598,11213,11848,9024,11858,14051,11453,13470,,12817,13118,,14962,18252,17263,13970,11977,,15051,14745,12337,15839,16228,18604,19039,19410,21614,23431,21689,19601,
Nijirii,"April 18, 2023",,,,,683,719,745,715,751,635,687,925,782,621,677,903,735,1025,1063,,,1082,1022,1121,,1044,818,1059,1068,1036,1308,1483,1295,1350,1063,1622,1851,2385,3109,3823,3092,4027,4470,4428,,4691,3494,5064,
Tiginis,"April 18, 2023",,,,,779,920,931,1028,863,1177,532,1379,1305,1035,1066,,1256,1949,2081,,,1338,2273,1321,1476,2565,1284,2674,1160,2718,1348,2359,3012,1526,1921,3939,,5804,4019,6650,5925,6941,7920,7640,8106,8622,7193,7650,
4297wodahs,"May 29, 2023",,,,,,,,,,,13409,14903,11430,13202,14015,14460,12806,13875,14210,12920,12418,,13522,12134,13846,14643,14021,7374,13275,,12231,14951,10507,,12512,14313,17825,18880,18504,18969,19841,20859,19985,25175,25494,23697,26867,27746,
ÀEsir,"June 2, 2023",,,,,,,,,,,2043,1944,2105,2171,2098,1951,2838,3004,2508,3216,3783,3844,4196,3866,3888,3830,4443,4145,3807,4154,3702,4130,4403,4327,4402,4163,5546,7313,7398,8185,7566,7667,6771,8235,8212,9926,9814,9329,
CaptainWater,"June 2, 2023",,,,,,,,,,,2345,1169,1526,2334,2414,,2660,1297,2370,2411,3044,3157,3198,3212,3498,3242,3222,3727,,3948,4350,4883,4421,4462,5394,6277,7358,8228,9429,9555,9610,8857,11318,10777,12637,13306,13013,12015,
Xenal,"June 2, 2023",,,,,,,,,,,4821,4449,5494,,5435,4694,4057,6188,6246,6115,6102,5481,6939,6672,6654,7084,7015,4697,6280,7075,7736,7975,8453,5173,7100,8734,8459,11441,10913,11548,9522,12204,11874,,,,,11318,
Cherumisu,"June 4, 2023",,,,,,,,,,,7808,7815,8672,8151,8257,10760,12799,12423,11578,11773,12248,12660,11880,11716,12468,12803,13828,12701,12623,12561,13725,13154,14896,12342,13396,14550,15042,17696,17723,17295,19481,18102,18841,21285,20366,25708,28619,25268,
àlacarte,"June 6, 2023",,,,,,,,,,,,2381,2558,,2608,,2250,2656,,3883,4130,3004,4719,4874,3391,5001,4516,,3769,,,,,,,4059,3565,7937,7569,8220,2538,5688,8107,7904,9483,6748,,6277,
Dadie,"June 7, 2023",,,,,,,,,,,,,228,,,320,263,409,464,473,490,507,867,1014,961,1077,1011,955,1144,1140,1146,1286,1024,1297,1025,1186,,1871,2498,2056,2249,2152,2250,2655,,2722,2636,2086,
MigBonky,"June 7, 2023",,,,,,,,,,,,2771,,1198,3675,1149,2701,3245,3264,2896,,2361,4036,,1969,3864,4418,4102,4820,4778,5681,,,5933,6658,7309,7383,10079,,,9927,13366,12825,12560,12454,12436,13450,,
BkCaCh,"June 10, 2023",,,,,,,,,,,,5081,5981,5590,2912,6633,8370,9800,3661,9982,9964,,10496,9630,9766,6544,7880,10505,11007,11827,10921,11989,12256,10306,11411,11561,16391,18516,20151,23724,22173,31864,32759,30922,21502,32756,41053,34581,
Criticize,"June 10, 2023",,,,,,,,,,,,4582,4513,4553,5031,5760,6418,6173,6815,6721,6518,7545,8095,6706,6262,8091,8538,7158,6502,8187,9812,10540,11140,,9431,11834,13605,17387,16734,18630,21543,18672,19741,22089,23293,22189,26134,18638,
rynHY,"June 14, 2023",,,,,,,,,,,,,1803,1664,1652,,1061,1538,,1429,1198,2808,,1995,2778,2686,2631,2969,3160,3850,3823,4471,2442,4603,,,4838,7823,9410,7274,9302,10608,7779,4583,12625,2912,13993,13117,
Shunshi,"June 14, 2023",4630,,,,,,,,,,,,4819,,5494,5318,5393,6671,6340,7026,6197,4271,7166,6282,7435,6381,6392,,6471,7012,7042,7658,8662,,5987,,10052,11703,11813,10424,11013,12421,13140,11546,12502,15931,12983,14548,
GabiruPeek,"June 17, 2023",,,,,,,,,,,,,1208,541,1147,1062,1342,789,1674,,1825,2432,2499,3034,2115,3245,3196,2790,2486,3312,,3667,,3753,4145,3613,4868,5465,5614,6679,6954,8317,8663,,8762,9627,9301,10023,
Timtato,"June 27, 2023",,,,,,,,,,,,,,,3823,,2020,3444,5507,4892,4242,5269,5357,,6030,7064,7564,5080,6352,,,,,3884,4287,6741,9561,6889,6753,6509,10581,,9441,8569,9940,11537,12467,9555,
Thanhy,"July 2, 2023",,,,,,,,,,,,,,,,9410,11247,9620,,9913,11361,10341,9669,9977,10082,,1144,9989,10396,1287,12449,9119,5411,,10628,12353,15848,10743,19446,19224,19433,19774,22715,19157,16335,23083,18725,,
Aeide,"July 9, 2023",,,,,,,,,,,,,,,,3107,3179,3102,3272,3234,4011,4582,4696,5033,4829,5305,4894,5664,5814,5988,6133,7383,7822,6933,7567,7923,10165,11180,11842,12387,13121,13251,13755,14227,13950,14710,14259,13656,
Choubi,"July 10, 2023",,,,,,,,,,,,,,,,,2883,3691,3703,4597,4818,,4525,4490,,4157,4427,,4444,3925,5407,6348,6867,,5731,6377,8903,10484,,9704,10656,7631,11213,,12385,,13886,11611,
BioEunwol,"July 12, 2023",,,,,,,,,,,,,,,,,2927,2108,2969,2181,4429,3900,3373,,3411,4125,3280,3238,4256,3506,3955,4472,4178,3624,3588,4173,5327,6265,5372,6111,6745,6777,7855,8221,8758,7736,8660,5600,
maister,"July 12, 2023",,,,,,,,,,,,,,,,,847,1005,1527,,1480,2289,2760,3161,3163,3270,,3266,3746,3558,,4440,,,3729,,4342,7069,6394,9394,9369,,12815,11995,11848,13869,14800,12482,
Moky,"July 12, 2023",,,,,,,,,,,,,,,,,2813,4881,,4781,2902,2953,,3938,3938,5876,6667,6276,6602,6260,7988,7265,,6770,7666,8530,10348,13552,12012,15032,14483,16038,14349,,17751,19022,16563,11266,
spriteeeee,"July 13, 2023",,,,,,,,,,,,,,,,,,,,,3830,,3663,4933,4384,4189,2962,4714,3715,5577,4500,,4553,5440,4130,4420,6513,5171,4727,5703,4869,5318,6187,10150,10544,6811,11485,10773,
Gengâr,"July 15, 2023",,,,,,,,,,,,,,,,,3789,3788,4130,4102,4505,4766,4749,4112,4694,4724,3007,4727,5026,5429,5368,5704,5025,4429,5131,5104,5070,5283,5130,5459,5364,5199,5282,5465,5506,5542,5250,5438,
DeftLurker,"July 18, 2023",,,,,,,,,,,,,,,,,,,,2362,,2711,2962,2667,3061,3067,2584,3021,,,3309,3314,3085,2977,3164,3633,4010,4306,4401,4476,5009,4702,5204,4973,5188,4913,,,
Smoker,"July 23, 2023",,,,,,,,,,,,,,,,,,,726,1082,,1214,1175,1080,1248,,1237,,1414,1805,2147,2630,2571,2274,,2809,4209,4488,4603,4752,4784,4963,5599,6134,,5931,5400,,
Nailson,"July 30, 2023",,,,,,,,,,,,,,,,,,,,,5201,5647,5765,6156,5528,5954,6310,6334,6215,6873,7034,9667,9444,8163,9159,9697,14599,16196,17204,15963,18220,18200,19712,20567,21634,21460,23074,21106,
HzMage,"July 31, 2023",,,,,,,,,,,,,,,,,,,,3262,3007,4071,3698,4130,3736,3942,3447,3796,3830,,3356,,,3751,3791,,6948,6244,7045,7766,7637,8555,7453,7624,9400,8546,,8210,
SwordsStand,"July 31, 2023",,,,,,,,,,,,,,,,,,,,1608,1645,1718,1849,1982,1959,1969,1932,1625,2323,2523,2800,3106,3073,,3107,4049,4706,4120,4272,4767,5171,5340,4377,5201,,5402,6032,4130,
Kaffie,"August 7, 2023",,,,,,,,,,,,,,,,,,,,,7299,6618,7297,7136,8009,8905,8325,9344,8242,8204,8669,9849,11622,8945,9500,10947,12415,15754,18751,21443,21054,19784,20970,20360,21720,22501,20691,20227,
BigPrimo,"August 8, 2023",,,,,,,,,,,,,,,,,,,,,,698,1090,1072,1255,1304,1175,1252,1191,,1480,1408,1648,,,,3132,3838,4130,4819,,4036,,,,,,,
itsChris,"August 8, 2023",,,,,,,,,,,,,,,,,,,,,1076,1775,950,,2036,1275,1353,1365,,1013,2159,2473,4220,,3395,7185,6396,6970,9446,8438,7527,8097,11051,10250,,8023,12507,8125,
Halecy,"August 12, 2023",,,,,,,,,,,,,,,,,,,,,1917,2105,2550,2674,3070,3130,3555,3249,3225,4133,3848,4980,5991,5102,6090,6783,9263,10755,10759,10527,12653,12982,13879,13590,14113,13449,13735,12518,
Alwaghad,"August 13, 2023",,,,,,,,,,,,,,,,,,,,,688,372,1107,1235,,1302,1826,1604,1111,1626,2200,1033,,3241,3838,3250,7242,8832,10693,10028,11711,12542,11816,11917,14348,14071,10252,12774,
umayo,"August 13, 2023",,,,,,,,,,,,,,,,,,,,2770,3135,3296,3472,3385,2856,3188,,,,2474,3889,3905,3322,4230,3381,3994,4801,4836,5342,6483,7143,7800,,9204,10210,,9691,10519,
Arpsoo,"August 20, 2023",,,,,,,,,,,,,,,,,,,,,,,672,816,1069,1062,1308,,,1581,,1739,,2766,2859,,4377,4696,7132,6861,7918,,7412,5982,,7977,,6644,
Cloudinesss,"August 20, 2023",,,,,,,,,,,,,,,,,,,,,,,1704,2031,2080,2224,2006,1800,1884,1891,2412,2657,2746,2282,2078,2705,3200,3441,4153,4382,4297,4528,5162,4921,4717,5337,5776,4002,
Flapo,"August 23, 2023",,,,,,,,,,,,,,,,,,,,,,,1367,2265,2543,3347,3472,3375,3498,3770,3893,5334,4825,3889,6063,7013,9088,11604,12745,12821,13741,18617,18775,19139,19787,21329,21344,19798,
Lilvani,"August 26, 2023",,,,,,,,,,,,,,,,,,,,,,,3377,,3629,2165,2877,3516,5566,,4123,4749,4791,,4687,,,,5545,,7211,6939,7136,7461,,7484,7705,7017,
YesAso,"August 26, 2023",,,,,,,,,,,,,,,,,,,,,,,13677,13093,11652,14808,14636,12161,13905,15248,15605,16925,16859,,13168,13732,18339,17940,21225,20586,20848,21467,23371,23939,24132,,25601,19730,
Volkyn,"August 27, 2023",,,,,,,,,,,,,,,,,,,,,,,13033,13507,13090,,11636,12528,14470,14800,16026,12932,16162,14423,16132,18300,19745,22780,23885,24402,24231,25927,26826,26708,27759,28422,29523,,
Burbling,"August 28, 2023",,,,,,,,,,,,,,,,,,,,,,,,1686,1391,1243,1996,1562,1821,2039,2232,2376,1996,2155,2256,2334,3952,3672,4460,4813,4858,5187,6512,6808,6549,5151,,,
Hirowi,"August 30, 2023",,,,,,,,,,,,,,,,,,,,,,,,3686,3610,3775,3889,,4296,4503,5372,5452,6702,5009,2722,5673,,6063,6776,,7012,8906,,,8489,,,,
blindfreak,"September 1, 2023",,,,,,,,,,,,,,,,,,,,,,,,1061,1014,1111,1169,1160,959,1301,1088,2122,1405,1314,1148,1228,2749,3316,,3220,3828,3692,3072,3885,3728,5125,4814,4267,
goof,"September 1, 2023",,,,,,,,,,,,,,,,,,,,,,,,3336,3047,3059,,3195,3226,3249,3337,3743,3215,3652,3611,3433,5262,5226,5664,5603,5497,5493,4732,5554,,5313,6125,6144,
Moysu,"September 6, 2023",,,,,,,,,,,,,,,,,,,,,,,,,2898,1676,1778,2143,2742,2060,2843,5081,2138,3493,,2950,4833,8302,10520,12686,12567,13128,10254,14482,15599,21513,20687,17812,
Eggsite,"September 8, 2023",,,,,,,,,,,,,,,,,,,,,,,,,1119,1241,1205,1190,1278,1529,1816,2424,2315,1913,1889,2777,3413,4025,4766,4799,4558,5285,6038,6066,6362,5531,6757,6017,
babaobaoo,"September 11, 2023",,,,,,,,,,,,,,,,,,,,,,,,,,1134,1220,1564,1119,1274,2365,2587,2713,3060,2510,2781,6345,5230,6774,9462,8887,10249,11432,15410,15342,15074,14461,14874,
JoeBaIl,"September 13, 2023",,,,,,,,,,,,,,,,,,,,,,,,,,11908,12074,11108,,12403,13585,13876,15198,13070,12424,14410,17259,,20526,20874,,23930,28011,27934,34901,32690,31907,,
Shoyin,"September 18, 2023",,,,,,,,,,,,,,,,,,,,,,,,,,,1076,1242,1300,1359,1650,1565,2196,1767,1908,1946,2323,2528,3021,3133,3424,4184,5566,5764,4540,4536,4130,,
Ingest,"September 18, 2023",,,,,,,,,,,,,,,,,,,,,,,,,,,3403,3794,4569,4885,4399,5777,5582,4124,4695,,6555,6873,9775,11128,12148,11035,11653,11063,12607,,11993,,14544
ThangQuy,"Sep 21, 2023",,,,,,,,,,,,,,,,,,,,,,,,,,,,,,,,,,1685,,1840,2258,2751,3154,3406,3938,4339,4547,4655,4261,3979,4380,4243,
Ayanokojî,"Sep 24, 2023",,,,,,,,,,,,,,,,,,,,,,,,,,,1988,2334,2554,,2442,2911,5005,2934,3688,4130,5092,6576,5506,7555,7668,6595,7968,7397,9220,9021,,6924,
jessieeoff,"Oct 01, 2023",,,,,,,,,,,,,,,,,,,,,,,,,,,,,1009,1053,1080,1126,1178,,1226,,,,1115,1221,2003,3092,3375,3239,3395,3997,3386,3881,
Jaidrox,"Oct 04, 2023",,,,,,,,,,,,,,,,,,,,,,,,,,,,,,,1501,2124,3399,3388,4265,,4736,6516,7068,5889,7649,10243,12010,10643,11930,13701,15178,13713,
Hangawi,"Oct 06, 2023",,,,,,,,,,,,,,,,,,,,,,,,,,,,,2984,3134,3271,4416,5530,,,3828,6469,8038,11249,10738,10507,13814,12749,13025,14771,15776,16353,13610,14541
onichichì,"Oct 08, 2023",,,,,,,,,,,,,,,,,,,,,,,,,,,,,,2212,2514,2723,3019,3064,2276,2383,3292,3450,3240,4291,4904,5751,5476,6892,7060,7102,9047,7442,
PearofGod,"Oct 09, 2023",,,,,,,,,,,,,,,,,,,,,,,,,,,,,,3247,3508,4240,4646,3560,4136,4139,5305,5975,6752,6591,6834,7162,7544,8151,8076,9595,10328,10069,
PurplePewz,"Oct 09, 2023",,,,,,,,,,,,,,,,,,,,,,,,,,,,,,1269,1389,1024,1492,1315,1032,1157,1216,1112,1652,1532,1525,1522,,2083,2165,2061,1143,,
Hoyaaahto,"Oct 15, 2023",,,,,,,,,,,,,,,,,,,,,,,,,,,,,,,1057,1368,2092,2128,1770,2391,5948,5623,8089,8693,9074,8867,,10596,10804,10894,11015,,
Mofu,"Oct 21, 2023",,,,,,,,,,,,,,,,,,,,,,,,,,,,,,,3693,353,3076,6012,3835,5558,9433,10254,8824,9506,12028,15771,16592,15900,,,,,
Yenoooj,"Oct 23, 2023",,,,,,,,,,,,,,,,,,,,,,,,,,,,,,,,6277,7017,5535,7587,6585,9810,8874,8769,11410,12942,12848,13998,14373,11645,14725,15364,10804,
DimSumSair,"Oct 23, 2023",,,,,,,,,,,,,,,,,,,,,,,,,,,,,,,,4302,5225,4647,5151,5564,9522,10228,12086,13128,13821,13606,14546,17291,19198,19463,20007,17960,
unni,"Oct 27, 2023",,,,,,,,,,,,,,,,,,,,,,,,,,,,,,,,7969,7988,7242,7058,8246,11838,13087,12539,11317,14563,17490,18949,19758,19792,24254,20484,15921,
pònzi,"Oct 30, 2023",,,,,,,,,,,,,,,,,,,,,,,,,,,,,,,,,1577,,2085,2622,2767,,2933,,4321,2973,6429,,,,,,
Aerority,"Nov 02, 2023",,,,,,,,,,,,,,,,,,,,,,,,,,,,,,,,,3533,3654,3602,3987,5075,6297,7234,7794,7101,9238,9873,10780,8809,,,,
Ameesa,"Nov 06, 2023",,,,,,,,,,,,,,,,,,,,,,,,,,,,,,,,,,3005,,2871,5494,5935,6584,6154,5741,9279,8189,7590,8923,9932,9870,9758,
Ekelipsis,"Nov 09, 2023",,,,,,,,,,,,,,,,,,,,,,,,,,,,,,,,,,2875,,2039,5964,6428,6625,8406,9162,11335,11728,,10118,,,,
Bajullion,"Nov 10, 2023",,,,,,,,,,,,,,,,,,,,,,,,,,,,,,,,,,12126,12870,13597,17021,18059,17870,24181,22124,24930,26103,25374,27548,29144,28929,26221,
Rimeruslime,"Nov 10, 2023",,,,,,,,,,,,,,,,,,,,,,,,,,,,,,,,,,3159,3634,4213,4731,,3886,6265,7820,7047,8372,10029,8946,9958,11145,9744,
Kimmander,"Nov 11, 2023",,,,,,,,,,,,,,,,,,,,,,,,,,,,,,,,,,11667,11994,13240,14539,15752,14791,20077,21087,21631,14802,22927,,17093,16692,,
Aphee,"Nov 13, 2023",,,,,,,,,,,,,,,,,,,,,,,,,,,,,,,,,,,3915,3548,3724,5862,5501,8700,7873,,9577,,13016,9794,11040,12103,
LovabIe,"Nov 14, 2023",,,,,,,,,,,,,,,,,,,,,,,,,,,,,,,,,,,9846,8810,13862,,13881,18321,13294,18220,18176,19823,19926,20925,19548,17652,
Shatter,"Nov 16, 2023",,,,,,,,,,,,,,,,,,,,,,,,,,,,,,,,,,,3212,3312,,3415,3375,4177,,5260,4599,5302,5422,,5674,4592,
Shoson,"Nov 20, 2023",,,,,,,,,,,,,,,,,,,,,,,,,,,,,,,,,,,,3469,4137,4944,6222,5461,4629,5005,5115,5719,6807,,5449,7612,
MyNastyHero,"Nov 25, 2023",,,,,,,,,,,,,,,,,,,,,,,,,,,,,,,,,,,,3547,3588,3637,4449,,4935,4755,4798,4770,4897,5024,5049,,
Sloof,"Nov 26, 2023",,,,,,,,,,,,,,,,,,,,,,,,,,,,,,,,,,,,,15948,18727,19556,18585,,20253,20994,22393,17532,18331,15179,,
Namja,"Nov 30, 2023",,,,,,,,,,,,,,,,,,,,,,,,,,,,,,,,,,,,,18028,20685,21654,26582,27339,24313,25754,25680,27759,,,5797,
Tragically,"Dec 01, 2023",,,,,,,,,,,,,,,,,,,,,,,,,,,,,,,,,,,,,4493,5748,6040,6979,6754,6167,6235,8306,7645,9858,8677,7261,
Ariwan,"Dec 01, 2023",,,,,,,,,,,,,,,,,,,,,,,,,,,,,,,,,,,,,7148,7316,6969,6165,7494,8474,10180,10949,9822,11639,11113,11903,
Tyrannize,"Dec 12, 2023",,,,,,,,,,,,,,,,,,,,,,,,,,,,,,,,,,,,,,,11414,13576,12457,13083,13162,13194,12912,10884,14727,12290,
Budd,"Dec 17, 2023",,,,,,,,,,,,,,,,,,,,,,,,,,,,,,,,,,,,,,,,6527,6595,8577,8535,8935,11365,11161,10248,9499,
Fain,"Dec 21, 2023",,,,,,,,,,,,,,,,,,,,,,,,,,,,,,,,,,,,,,,,7320,7669,7955,7486,9308,10104,13166,12808,11564,12384
Miballhurt,"Dec 24, 2023",,,,,,,,,,,,,,,,,,,,,,,,,,,,,,,,,,,,,,,,12832,12376,15538,13472,16081,17407,17332,15041,12221,
GermaFranceZ,"Dec 30, 2023",,,,,,,,,,,,,,,,,,,,,,,,,,,,,,,,,,,,,,,,,16204,17366,18505,18098,20106,19169,14940,16047,
Denzel,"Dec 30, 2023",,,,,,,,,,,,,,,,,,,,,,,,,,,,,,,,,,,,,,,,,22583,23235,23934,21665,24451,23102,23309,21754,
Jyuh,"Dec 31, 2023",,,,,,,,,,,,,,,,,,,,,,,,,,,,,,,,,,,,,,,,,6280,6976,7744,9090,9235,9636,9050,8633,
Elient,"Jan 02, 2024",,,,,,,,,,,,,,,,,,,,,,,,,,,,,,,,,,,,,,,,,,7517,7661,8739,8979,9885,10664,8509,
Sasôri,"Jan 04, 2024",,,,,,,,,,,,,,,,,,,,,,,,,,,,,,,,,,,,,,,,,,5757,5610,6279,6465,6046,6372,5453,
Neowiss,"Jan 10, 2024",,,,,,,,,,,,,,,,,,,,,,,,,,,,,,,,,,,,,,,,,,,4231,4464,4997,4740,4725,4799,
FIaired,"Jan 11, 2024",,,,,,,,,,,,,,,,,,,,,,,,,,,,,,,,,,,,,,,,,,,11010,11810,10807,11549,11419,11793,
Kenzantyuu,"Jan 17, 2024",,,,,,,,,,,,,,,,,,,,,,,,,,,,,,,,,,,,,,,,,,,,36935,36310,38167,37201,38211,
Keeyu,"Feb 01, 2024",,,,,,,,,,,,,,,,,,,,,,,,,,,,,,,,,,,,,,,,,,,,,,16783,15278,14382,
nessIey,"Feb 02, 2024",,,,,,,,,,,,,,,,,,,,,,,,,,,,,,,,,,,,,,,,,,,,,,7195,7228,7194,
abit,"Feb 05, 2024",,,,,,,,,,,,,,,,,,,,,,,,,,,,,,,,,,,,,,,,,,,,,,,11639,11381,12735
minãri,"Feb 06, 2024",,,,,,,,,,,,,,,,,,,,,,,,,,,,,,,,,,,,,,,,,,,,,,,14752,14060,
Blessed,"Feb 07, 2024",,,,,,,,,,,,,,,,,,,,,,,,,,,,,,,,,,,,,,,,,,,,,,,6115,6766,6735
RootyTootyXx,"Feb 12, 2024",,,,,,,,,,,,,,,,,,,,,,,,,,,,,,,,,,,,,,,,,,,,,,,,5698,
Suwura,"Feb 15, 2024",,,,,,,,,,,,,,,,,,,,,,,,,,,,,,,,,,,,,,,,,,,,,,,,6375,
obeseplayer2,"Feb 17, 2024",,,,,,,,,,,,,,,,,,,,,,,,,,,,,,,,,,,,,,,,,,,,,,,,10899,11436
Biresu,"Feb 17, 2024",,,,,,,,,,,,,,,,,,,,,,,,,,,,,,,,,,,,,,,,,,,,,,,,10979,
NgDuc,"Feb 19, 2024",,,,,,,,,,,,,,,,,,,,,,,,,,,,,,,,,,,,,,,,,,,,,,,,,
Scora,"Feb 20, 2024",,,,,,,,,,,,,,,,,,,,,,,,,,,,,,,,,,,,,,,,,,,,,,,,,
